{"cameraMode":{"drawMode":0,"name":"Shaded","section":"Shading Mode"},"sceneLighting":false,"audioPlay":false,"sceneViewState":{"showFog":true,"showMaterialUpdate":false,"showSkybox":false,"showFlares":true,"showImageEffects":true,"showParticleSystems":true},"in2DMode":false,"pivot":{"x":62.55267333984375,"y":-0.6289324164390564,"z":-5.6048126220703129},"rotation":{"x":-0.16176214814186097,"y":0.39244961738586428,"z":-0.07031486928462982,"w":-0.9027026891708374},"size":14.176431655883789,"orthographic":false}