{"cameraMode":{"drawMode":0,"name":"Shaded","section":"Shading Mode"},"sceneLighting":false,"audioPlay":false,"sceneViewState":{"showFog":true,"showMaterialUpdate":false,"showSkybox":false,"showFlares":true,"showImageEffects":true,"showParticleSystems":true},"in2DMode":false,"pivot":{"x":5.190000057220459,"y":3.2300000190734865,"z":-1.8600000143051148},"rotation":{"x":0.11641786992549896,"y":0.23137478530406953,"z":-0.0278976708650589,"w":0.9654710292816162},"size":22.0,"orthographic":false}