{"cameraMode":{"drawMode":0,"name":"Shaded","section":"Shading Mode"},"sceneLighting":false,"audioPlay":false,"sceneViewState":{"showFog":true,"showMaterialUpdate":false,"showSkybox":false,"showFlares":true,"showImageEffects":true,"showParticleSystems":true},"in2DMode":false,"pivot":{"x":-61.39788818359375,"y":-47.82728576660156,"z":91.05593872070313},"rotation":{"x":-0.231110617518425,"y":0.490274578332901,"z":-0.1366254687309265,"w":-0.8291877508163452},"size":219.85205078125,"orthographic":false}